,normality,variance
Bordeaux-style Red Blend,0.041598074409854316,94039.74149659862
Cabernet Sauvignon,0.1633166833046886,242615.4875283447
Chardonnay,0.1455074764519447,359117.4739229025
Pinot Noir,0.0918854254565966,355644.6303854875
Red Blend,0.22217292889774165,210145.26530612246
levene test,,0.004982263797714827
