,pvalues,variance
Bordeaux-style Red Blend,0.041598074409854316,
Cabernet Sauvignon,0.1633166833046886,
Chardonnay,0.1455074764519447,
Pinot Noir,0.0918854254565966,
Red Blend,0.22217292889774165,
levene,,0.004982263797714827
